/*!40101 SET @saved_cs_client     = @@character_set_client */;
/*!40101 SET character_set_client = utf8 */;
CREATE TABLE `command_settings` (
  `command` varchar(128) NOT NULL DEFAULT '',
  `access` int(11) NOT NULL DEFAULT '0',
  `aliases` varchar(256) NOT NULL DEFAULT '',
  PRIMARY KEY (`command`) USING BTREE,
  UNIQUE KEY `UK_command_settings_1` (`command`) USING BTREE
) ENGINE=InnoDB DEFAULT CHARSET=latin1;
/*!40101 SET character_set_client = @saved_cs_client */;
INSERT INTO `command_settings` VALUES ('advnpcspawn',150,'advnpc'),('aggro',80,''),('aggrozone',200,''),('ai',100,''),('altactivate',170,''),('appearance',150,''),('apply_shared_memory',250,''),('attack',150,''),('attackentity',160,''),('ban',200,''),('beard',80,''),('beardcolor',80,''),('bestz',80,''),('bind',80,''),('boatinfo',81,''),('bug',90,''),('castspell',90,'cast'),('chat',200,''),('chattest',180,''),('checklos',50,'los'),('cleartimers',80,''),('connectworldserver',200,'connectworld'),('coredump',180,''),('corpse',90,''),('crashtest',201,''),('cvs',80,''),('d1',250,''),('damage',150,''),('damagetotals',100,''),('date',150,''),('dbspawn2',100,''),('delacct',200,''),('deletegraveyard',200,''),('depop',100,''),('depopzone',100,''),('disablerecipe',80,''),('distance',80,''),('doanim',50,''),('emote',150,''),('emotesearch',80,''),('emoteview',80,''),('enablerecipe',80,''),('equipitem',50,''),('expansion',150,''),('face',80,''),('falltest',250,''),('fillbuffs',80,''),('findaliases',0,''),('findnpctype',90,'fn'),('findspell',90,'fs|spfind'),('findzone',1,'fz'),('fixmob',150,''),('flag',201,''),('flagedit',150,''),('flags',80,''),('fleeinfo',80,''),('flymode',80,''),('fov',80,''),('freeze',100,''),('gassign',150,''),('gender',90,''),('getvariable',200,''),('ginfo',20,''),('giveitem',150,'gi'),('givemoney',150,''),('giveplayerfaction',200,''),('globalview',80,''),('gm',80,''),('gmdamage',160,''),('gmspeed',80,''),('godmode',200,''),('goto',80,''),('grid',150,''),('guild',80,'guilds'),('guildapprove',20,''),('guildcreate',20,''),('guildlist',20,''),('hair',80,''),('haircolor',80,''),('haste',100,''),('hatelist',80,''),('heal',85,''),('helm',80,''),('help',20,''),('hideme',80,'gmhideme'),('hotfix',250,''),('hp',90,''),('interrogateinv',20,''),('interrupt',50,''),('invul',80,'invulnerable'),('ipban',201,''),('iplookup',200,''),('iteminfo',10,''),('itemsearch',90,'fi|finditem|search'),('keyring',90,''),('kick',80,''),('kill',80,''),('lastname',80,''),('level',85,''),('listnpcs',90,''),('load_shared_memory',250,''),('loc',20,''),('logs',250,''),('logtest',250,''),('makepet',150,''),('mana',100,''),('manaburn',170,''),('manastat',50,''),('maxskills',90,''),('memspell',100,''),('merchant_close_shop',100,'close_shop'),('merchant_open_shop',100,'open_shop'),('modifynpcstat',150,''),('motd',200,''),('movechar',80,''),('mule',250,''),('mysql',255,''),('mysqltest',250,''),('mystats',50,''),('name',100,''),('netstats',200,''),('npccast',90,''),('npcedit',150,''),('npcemote',80,''),('npcloot',150,''),('npcsay',80,''),('npcshout',90,''),('npcspawn',100,''),('npcstats',90,''),('npctypecache',250,''),('npctypespawn',90,'dbspawn'),('nukebuffs',100,''),('nukeitem',150,''),('numauths',255,''),('oocmute',200,''),('opcode',250,''),('optest',180,''),('path',200,''),('peekinv',80,''),('peqzone',2,''),('permaclass',150,''),('permagender',150,''),('permarace',150,''),('petition',20,''),('pf',20,''),('playsound',20,''),('push',250,''),('pvp',80,''),('qglobal',150,''),('qtest',85,''),('questerrors',20,''),('race',90,''),('raidloot',20,''),('randomfeatures',90,''),('randtest',250,''),('refreshgroup',20,''),('reloadallrules',80,''),('reloademote',80,''),('reloadlevelmods',255,''),('reloadmerchants',255,''),('reloadqst',80,'reloadquest|rq'),('reloadrulesworld',80,''),('reloadstatic',150,''),('reloadtitles',150,''),('reloadtraps',80,''),('reloadworld',255,''),('reloadzps',150,'reloadzonepoints'),('repop',90,''),('repopclose',100,''),('resetaa',100,''),('resetboat',95,''),('revoke',80,''),('rewind',0,''),('rules',200,''),('save',80,''),('scribespell',90,''),('scribespells',100,''),('sendop',180,''),('sendzonespawns',200,''),('serverlock',150,''),('serversidename',100,''),('setaapts',100,'setaapoints'),('setaaxp',100,'setaaexp'),('setanim',200,''),('setfaction',170,''),('setgraveyard',200,''),('setgreed',100,''),('setlanguage',50,''),('setlsinfo',20,''),('setpass',150,''),('setskill',90,''),('setskillall',100,'setallskill|setallskills'),('setxp',100,'setexp'),('showbonusstats',50,''),('showbuffs',80,''),('showfilters',180,''),('showhelm',0,''),('showpetspell',50,''),('showregen',100,''),('showskills',50,''),('showspellslist',100,''),('showstats',80,''),('showtraderitems',80,''),('shutdown',200,''),('size',90,''),('skills',100,''),('spawn',150,''),('spawnfix',80,''),('spawnstatus',150,''),('spellinfo',10,''),('starve',180,''),('stun',100,''),('summon',80,''),('summonitem',90,'si'),('suspend',100,''),('synctod',100,''),('testcommand',250,''),('testcopy',250,''),('testspawn',180,''),('testspawnkill',180,''),('texture',150,''),('time',90,''),('timers',200,''),('timezone',90,''),('title',100,''),('titlesuffix',50,''),('trapinfo',81,''),('undeletechar',255,''),('underworld',100,''),('unfreeze',100,''),('unmemspell',170,''),('unmemspells',170,''),('unscribespell',90,''),('unscribespells',100,''),('update',200,''),('uptime',10,''),('version',20,''),('viewnpctype',100,''),('viewplayerfaction',79,''),('viewzoneloot',80,''),('wc',200,''),('weather',90,''),('worldshutdown',200,''),('wp',150,''),('wpadd',150,''),('wpinfo',150,''),('xpinfo',95,''),('zclip',150,''),('zcolor',150,''),('zheader',150,''),('zone',80,''),('zonebootup',100,''),('zonelock',200,''),('zoneshutdown',200,''),('zonespawn',250,''),('zonestatus',150,''),('zopp',250,''),('zsafecoords',150,''),('zsave',200,''),('zsky',150,''),('zstats',80,''),('zunderworld',80,''),('zuwcoords',80,'');
/*!40101 SET @saved_cs_client     = @@character_set_client */;
/*!40101 SET character_set_client = utf8 */;
CREATE TABLE `launcher` (
  `name` varchar(64) NOT NULL DEFAULT '',
  `dynamics` tinyint(3) unsigned NOT NULL DEFAULT '0',
  PRIMARY KEY (`name`)
) ENGINE=MyISAM DEFAULT CHARSET=latin1;
/*!40101 SET character_set_client = @saved_cs_client */;
INSERT INTO `launcher` VALUES ('boats',0),('zone1',0),('zone2',0),('zone3',0),('dynzone1',10),('dynzone2',10);
/*!40101 SET @saved_cs_client     = @@character_set_client */;
/*!40101 SET character_set_client = utf8 */;
CREATE TABLE `launcher_zones` (
  `launcher` varchar(64) NOT NULL DEFAULT '',
  `zone` varchar(32) NOT NULL DEFAULT '',
  `port` mediumint(9) NOT NULL DEFAULT '0',
  `enabled` tinyint(1) unsigned zerofill DEFAULT '0',
  `expansion` varchar(64) DEFAULT NULL,
  PRIMARY KEY (`launcher`,`zone`)
) ENGINE=MyISAM DEFAULT CHARSET=latin1;
/*!40101 SET character_set_client = @saved_cs_client */;
INSERT INTO `launcher_zones` VALUES ('boats','freporte',7104,1,'classic'),('boats','oot',7106,1,'classic'),('boats','butcher',7100,1,'classic'),('boats','firiona',7103,1,'kunark'),('boats','iceclad',7206,1,'velious'),('boats','overthere',7107,1,'kunark'),('boats','timorous',7109,1,'kunark'),('boats','oasis',7105,1,'classic'),('boats','nro',7155,1,'classic'),('boats','erudnext',7101,1,'classic'),('boats','erudsxing',7102,1,'classic'),('boats','qeynos',7108,1,'classic'),('zone1','thurgadina',7215,0,'velious'),('zone1','acrylia',7221,0,'luclin'),('zone1','paw',7158,0,'classic'),('zone1','wakening',7218,0,'velious'),('zone1','qey2hh1',7161,1,'classic'),('zone1','neriakb',7152,1,'classic'),('zone1','fungusgrove',7227,0,'luclin'),('zone1','podisease',7257,0,'pop'),('zone1','najena',7149,1,'classic'),('zone1','hollowshade',7230,0,'luclin'),('zone1','letalis',7233,0,'luclin'),('zone1','lfaydark',7146,1,'classic'),('zone1','netherbian',7236,0,'luclin'),('zone1','qrg',7164,0,'classic'),('zone1','sleeper',7212,0,'velious'),('zone1','emeraldjungle',7185,0,'kunark'),('zone1','dalnir',7182,0,'kunark'),('zone1','sebilis',7194,0,'kunark'),('zone1','chardok',7179,0,'kunark'),('zone1','burningwood',7176,1,'kunark'),('zone1','poknowledge',7263,1,'pop'),('zone1','necropolis',7209,0,'velious'),('zone1','soltemple',7170,1,'classic'),('zone1','sharvahl',7242,1,'luclin'),('zone1','cobaltscar',7200,0,'velious'),('zone1','steamfont',7173,1,'classic'),('zone1','trakanon',7197,0,'kunark'),('zone1','runnyeye',7167,0,'classic'),('zone1','frozenshadow',7203,0,'velious'),('zone1','kurn',7191,0,'kunark'),('zone1','airplane',7110,0,'classic'),('zone1','freportn',7128,1,'classic'),('zone1','bothunder',7251,0,'pop'),('zone1','feerrott',7125,0,'classic'),('zone1','kithicor',7143,1,'classic'),('zone1','hohonorb',7254,0,'pop'),('zone1','erudnint',7122,1,'classic'),('zone1','potactics',7266,0,'pop'),('zone1','cshome',7119,1,'classic'),('zone1','potorment',7269,0,'pop'),('zone1','cazicthule',7224,0,'luclin'),('zone1','cauldron',7116,0,'classic'),('zone1','powater',7272,0,'pop'),('zone1','befallen',7113,0,'classic'),('zone1','grobb',7131,0,'classic'),('zone1','hole',7188,0,'kunark'),('zone1','tenebrous',7245,1,'luclin'),('zone1','pofire',7260,0,'pop'),('zone1','scarlet',7239,0,'luclin'),('zone1','halas',7134,0,'classic'),('zone1','highpass',7137,1,'classic'),('zone1','twilight',7248,0,'luclin'),('zone1','kaladimb',7140,1,'classic'),('zone2','solrotower',7273,0,'pop'),('zone2','veeshan',7198,0,'kunark'),('zone2','poeartha',7258,0,'pop'),('zone2','skyfire',7195,0,'kunark'),('zone2','sseru',7243,0,'luclin'),('zone2','thedeep',7246,0,'luclin'),('zone2','maiden',7234,0,'luclin'),('zone2','lakeofillomen',7192,0,'kunark'),('zone2','potimea',7267,1,'pop'),('zone2','',0,0,NULL),('zone2','warrens',7219,0,'velious'),('zone2','crystal',7201,0,'velious'),('zone2','griegsend',7228,0,'luclin'),('zone2','poinnovation',7261,0,'pop'),('zone2','thurgadinb',7216,1,'velious'),('zone2','ponightmare',7264,0,'pop'),('zone2','stonebrunt',7213,0,'velious'),('zone2','codecay',7252,0,'pop'),('zone2','potranquility',7270,0,'pop'),('zone2','nightmareb',7255,0,'pop'),('zone2','umbral',7249,0,'luclin'),('zone2','sirens',7210,0,'velious'),('zone2','akheva',7222,0,'luclin'),('zone2','kael',7207,0,'velious'),('zone2','dawnshroud',7225,0,'luclin'),('zone2','greatdivide',7204,0,'velious'),('zone2','nexus',7237,1,'luclin'),('zone2','kaesora',7189,0,'kunark'),('zone2','lakerathe',7144,1,'classic'),('zone2','southkarana',7171,1,'classic'),('zone2','felwithea',7126,0,'classic'),('zone2','soldunga',7168,0,'classic'),('zone2','rathemtn',7165,1,'classic'),('zone2','kedge',7141,0,'classic'),('zone2','qeynos2',7162,1,'classic'),('zone2','freportw',7129,1,'classic'),('zone2','permafrost',7159,0,'classic'),('zone2','oggok',7156,1,'classic'),('zone2','gukbottom',7132,1,'classic'),('zone2','neriakc',7153,1,'classic'),('zone2','hateplane',7135,0,'classic'),('zone2','nektulos',7150,1,'classic'),('zone2','innothule',7138,1,'classic'),('zone2','mistmoore',7147,0,'classic'),('zone2','jaggedpine',7231,0,'luclin'),('zone2','everfrost',7123,1,'classic'),('zone2','charasis',7180,0,'kunark'),('zone2','dreadlands',7183,0,'kunark'),('zone2','shadeweaver',7240,1,'luclin'),('zone2','beholder',7114,0,'classic'),('zone2','fieldofbone',7186,1,'kunark'),('zone2','akanon',7111,0,'classic'),('zone2','commons',7117,1,'classic'),('zone2','eastkarana',7120,0,'classic'),('zone2','tox',7174,0,'classic'),('zone2','cabeast',7177,1,'kunark'),('zone3','vexthal',7250,0,'luclin'),('zone3','paineel',7157,0,'classic'),('zone3','highkeep',7136,1,'classic'),('zone3','potimeb',7268,1,'pop'),('zone3','ssratemple',7244,0,'luclin'),('zone3','thegrey',7247,0,'luclin'),('zone3','kaladima',7139,0,'classic'),('zone3','arena',7112,0,'classic'),('zone3','cadwest',7178,0,'kunark'),('zone3','blackburrow',7115,0,'classic'),('zone3','guktop',7133,0,'classic'),('zone3','hohonora',7253,0,'pop'),('zone3','crushbone',7118,0,'classic'),('zone3','povalor',7271,0,'pop'),('zone3','poair',7256,0,'pop'),('zone3','ecommons',7121,1,'classic'),('zone3','felwitheb',7127,0,'classic'),('zone3','gfaydark',7130,1,'classic'),('zone3','postorms',7265,0,'pop'),('zone3','pojustice',7262,0,'pop'),('zone3','poearthb',7259,0,'pop'),('zone3','shadowhaven',7241,0,'luclin'),('zone3','kerraridge',7142,1,'classic'),('zone3','skyshrine',7211,0,'velious'),('zone3','soldungb',7169,0,'classic'),('zone3','mischiefplane',7208,1,'velious'),('zone3','sro',7172,1,'classic'),('zone3','growthplane',7205,0,'velious'),('zone3','rivervale',7166,0,'classic'),('zone3','eastwastes',7202,1,'velious'),('zone3','unrest',7175,0,'classic'),('zone3','warslikswood',7199,0,'kunark'),('zone3','swampofnohope',7196,1,'kunark'),('zone3','citymist',7181,0,'kunark'),('zone3','nurga',7193,0,'kunark'),('zone3','droga',7184,0,'kunark'),('zone3','frontiermtns',7187,0,'kunark'),('zone3','qeytoqrg',7163,1,'classic'),('zone3','templeveeshan',7214,0,'velious'),('zone3','paludal',7238,0,'luclin'),('zone3','fearplane',7124,1,'classic'),('zone3','mseru',7235,0,'luclin'),('zone3','lavastorm',7145,0,'classic'),('zone3','katta',7232,1,'luclin'),('zone3','misty',7148,0,'classic'),('zone3','grimling',7229,1,'luclin'),('zone3','neriaka',7151,0,'classic'),('zone3','echo',7226,0,'luclin'),('zone3','bazaar',7223,0,'luclin'),('zone3','northkarana',7154,1,'classic'),('zone3','westwastes',7220,0,'velious'),('zone3','velketor',7217,0,'velious'),('zone3','qcat',7160,1,'classic'),('zone3','karnor',7190,0,'kunark');
/*!40101 SET @saved_cs_client     = @@character_set_client */;
/*!40101 SET character_set_client = utf8 */;
CREATE TABLE `logsys_categories` (
  `log_category_id` int(11) NOT NULL,
  `log_category_description` varchar(150) DEFAULT NULL,
  `log_to_console` smallint(11) DEFAULT '0',
  `log_to_file` smallint(11) DEFAULT '0',
  `log_to_gmsay` smallint(11) DEFAULT '0',
  PRIMARY KEY (`log_category_id`)
) ENGINE=InnoDB DEFAULT CHARSET=latin1;
/*!40101 SET character_set_client = @saved_cs_client */;
INSERT INTO `logsys_categories` VALUES (1,'AA',0,0,0),(2,'AI',0,0,0),(3,'Aggro',0,0,0),(4,'Attack',0,0,0),(5,'Packet: Client -> Server',0,0,0),(6,'Combat',0,0,0),(7,'Commands',0,0,0),(8,'Crash',1,1,0),(9,'Debug',0,0,0),(10,'Doors',0,0,0),(11,'Error',1,1,0),(12,'Guilds',0,0,0),(13,'Inventory',0,0,0),(14,'Launcher',0,0,0),(15,'Netcode',0,0,0),(16,'Normal',0,0,0),(17,'Object',0,0,0),(18,'Pathing',0,0,0),(19,'QS_Server',0,0,1),(20,'Quests',0,0,0),(21,'Rules',0,0,0),(22,'Skills',0,0,0),(23,'Spawns',0,0,0),(24,'Spells',0,0,0),(25,'Status',0,0,0),(26,'TCP_Connection',0,0,0),(27,'Tasks',0,0,0),(28,'Tradeskills',0,0,0),(29,'Trading',0,0,0),(30,'Login_Server',0,0,0),(31,'UCS_Server',0,0,0),(32,'WebInterface_Server',0,0,0),(33,'World_Server',0,0,0),(34,'Zone Server',0,0,0),(35,'MySQL Error',1,1,1),(36,'MySQL Queries',0,0,0),(37,'EQMac',0,0,2),(38,'Quest Debug',0,0,3),(39,'Packet: Server -> Client',0,0,0),(40,'Packet: Client -> Server Unhandled',0,0,0),(41,'Packet: Server -> Client With Dump',0,0,0),(42,'Packet: Client -> Server With Dump',0,0,0),(43,'Maps',0,0,0),(44,'Character',0,0,0),(45,'Faction',0,0,0),(46,'Group',0,0,0),(47,'Corpse',0,0,0),(48,'Bazaar',0,0,0),(49,'Discs',0,0,0),(50,'Boats',0,0,0),(51,'Traps',0,0,0),(52,'PTimers',0,0,0),(53,'Nexus',0,0,0),(54,'Pets',0,0,0),(55,'Regen',0,0,0),(56,'Focus',0,0,0),(57,'Death',0,0,0),(58,'Info',1,0,0),(59,'Warning',1,0,0),(60,'Critical',1,0,0),(61,'Emergency',1,0,0),(62,'Alert',1,0,0),(63,'Notice',1,0,0),(64,'QuestErrors',1,0,1);
/*!40101 SET @saved_cs_client     = @@character_set_client */;
/*!40101 SET character_set_client = utf8 */;
CREATE TABLE `rule_sets` (
  `ruleset_id` tinyint(3) unsigned NOT NULL AUTO_INCREMENT,
  `name` varchar(255) NOT NULL DEFAULT '',
  PRIMARY KEY (`ruleset_id`)
) ENGINE=MyISAM AUTO_INCREMENT=12 DEFAULT CHARSET=latin1;
/*!40101 SET character_set_client = @saved_cs_client */;
INSERT INTO `rule_sets` VALUES (1,'default'),(2,'pop+');
/*!40101 SET @saved_cs_client     = @@character_set_client */;
/*!40101 SET character_set_client = utf8 */;
CREATE TABLE `rule_values` (
  `ruleset_id` tinyint(3) unsigned NOT NULL DEFAULT '0',
  `rule_name` varchar(64) NOT NULL DEFAULT '',
  `rule_value` varchar(10) NOT NULL DEFAULT '',
  `notes` text NOT NULL,
  PRIMARY KEY (`ruleset_id`,`rule_name`),
  KEY `ruleset_id` (`ruleset_id`) USING BTREE
) ENGINE=MyISAM DEFAULT CHARSET=latin1;
/*!40101 SET character_set_client = @saved_cs_client */;
INSERT INTO `rule_values` VALUES (2,'GM:MinStatusToZoneAnywhere','250','This setting overrides the minstatus setting in the zones table if set'),(2,'Character:MaxLevel','50','notation'),(2,'Character:LeaveCorpses','true','notation'),(2,'Character:LeaveNakedCorpses','true','notation'),(2,'Character:DeathExpLossLevel','10','notation'),(2,'Character:CorpseDecayTimeMS','604800000','notation'),(2,'Character:AutosaveIntervalS','240','0=disabled'),(2,'Guild:MaxMembers','2048','Max number of members allowed in a single guild'),(2,'Skills:MaxTrainTradeskills','21','Highest skill level that tradeskills can be trained to from GM Trainers'),(2,'Pets:AttackCommandRange','200','Range at which a pet will respond to attack commands'),(2,'World:ZoneAutobootTimeoutMS','120000','notation'),(2,'World:ClientKeepaliveTimeoutMS','95000','notation'),(2,'Combat:FleeHPRatio','21',''),(2,'World:ExemptMaxClientsStatus','-1','Exempt accounts from the MaxClientsPerIP and AddMaxClientsStatus rules:if their status is >= this value.  Default value: -1 (feature disabled)'),(2,'Combat:EnableFearPathing','true',''),(2,'Combat:MeleeBaseCritChance','0','The base crit chance for non warriors:NOTE: This will apply to NPCs as well'),(2,'Combat:WarBerBaseCritChance','3','The base crit chance for warriors and berserkers:only applies to clients'),(2,'Combat:BerserkBaseCritChance','6',''),(2,'Combat:NPCBashKickLevel','6',''),(2,'Spells:AutoResistDiff','15','notation'),(2,'Spells:ResistChance','2.0','chance to resist given no resists and same level'),(2,'Spells:ResistMod','0.40','multiplier:chance to resist = this * ResistAmount'),(2,'Spells:PartialHitChance','0.7','The chance when a spell is resisted that it will partial hit.'),(2,'Combat:ClientBaseCritChance','0',''),(2,'Zone:NPCPositonUpdateTicCount','32','ms between intervals of sending a position update to the entire zone.'),(2,'NPC:MinorNPCCorpseDecayTimeMS','480000','level<55'),(2,'NPC:MajorNPCCorpseDecayTimeMS','1500000','level>=55'),(2,'NPC:UseItemBonusesForNonPets','true','notation'),(2,'Character:ExpMultiplier','0.50','notation'),(2,'Zone:EnableShadowrest','0',''),(2,'Zone:GraveyardTimeMS','1200000',''),(2,'Map:FixPathingZWhenLoading','true',''),(2,'Map:FixPathingZAtWaypoints','true',''),(2,'Map:FixPathingZWhenMoving','true',''),(2,'Map:FixPathingZOnSendTo','false',''),(2,'Zone:ClientLinkdeadMS','180000',''),(2,'Character:HealOnLevel','false','notation'),(2,'Character:FeignKillsPet','false','notation'),(2,'Combat:UseIntervalAC','true',''),(2,'Combat:PetAttackMagicLevel','30',''),(2,'NPC:SayPauseTimeInSec','10','notation'),(2,'NPC:OOCRegen','1','notation'),(2,'Watermap:CheckWaypointsInWaterWhenLoading','true',''),(2,'Watermap:CheckForWaterAtWaypoints','true',''),(2,'Watermap:CheckForWaterWhenMoving','true',''),(2,'Watermap:CheckForWaterOnSendTo','false','Checks if a mob has moved into/out of water on SendTo'),(2,'Watermap:CheckForWaterWhenFishing','true','Only lets a player fish near water (if a water map exists for the zone)'),(2,'Watermap:FishingRodLength','30','How far in front of player water must be for fishing to work'),(2,'Watermap:FishingLineLength','40','If water is more than this far below the player:it is considered too far to fish'),(1,'Character:DefaultExpansions','15',' '),(1,'QueryServ:PlayerLogGroundSpawn','true',''),(1,'QueryServ:PlayerLogMoneyTransactions','true',''),(1,'QueryServ:PlayerLogBankTransactions','false',''),(2,'Combat:AssistNoTargetSelf','false','When assisting a target without a target: true = target self, false = leave target as was before assist (this is the behavior on live)'),(2,'NPC:BuffFriends','false','notation'),(2,'Aggro:SpellAggroMod','100','notation'),(2,'Character:DeathItemLossLevel','10','notation'),(2,'Zone:EnableMQGhostDetector','true',''),(2,'Zone:EnableMQGateDetector','true',''),(2,'World:MaxClientsPerIP','-1','Maximum number of clients allowed to connect per IP address if account status is < AddMaxClientsStatus.  Default value: -1 (feature disabled)'),(2,'Zone:EnableMQZoneDetector','true',''),(2,'Zone:EnableMQWarpDetector','false',''),(2,'Combat:FleeIfNotAlone','false',''),(2,'Zone:MQGhostExemptStatus','80',''),(2,'Zone:MQGateExemptStatus','80',''),(2,'Zone:MQZoneExemptStatus','80',''),(2,'Zone:MQWarpDetectionDistanceFactor','9.0',''),(2,'Zone:MQWarpExemptStatus','80',''),(2,'World:UseBannedIPsTable','true','Toggle whether or not to check incoming client connections against the Banned_IPs table. Set this value to false to disable this feature.'),(2,'Spells:PartialHitChanceFear','0.25','The chance when a fear spell is resisted that it will partial hit.'),(2,'NPC:EmptyNPCCorpseDecayTimeMS','30000','notation'),(2,'NPC:CorpseUnlockTimer','120000','notation'),(2,'NPC:EnableNPCQuestJournal','true','notation'),(2,'Character:SkillUpModifier','70','skill ups are at 100%'),(2,'TaskSystem:EnableTaskSystem','true','Globally enable or disable the Task system'),(2,'TaskSystem:PeriodicCheckTimer','5',''),(2,'TaskSystem:RecordCompletedTasks','true','notation'),(2,'TaskSystem:RecordCompletedOptionalActivities','true','notation'),(2,'TaskSystem:KeepOneRecordPerCompletedTask','true','notation'),(2,'TaskSystem:EnableTaskProximity','true','notation'),(2,'World:EnableTutorialButton','false','notation'),(2,'World:EnableReturnHomeButton','true','notation'),(2,'World:MaxLevelForTutorial','1','notation'),(2,'World:MinOfflineTimeToReturnHome','21600','21600 seconds is 6 Hours'),(2,'World:AddMaxClientsStatus','-1','Accounts with status >= this rule will be allowed to use the amount of accounts defined in the AddMaxClientsPerIP.  Default value: -1 (feature disabled)'),(2,'World:AddMaxClientsPerIP','-1','Maximum number of clients allowed to connect per IP address if account status is < ExemptMaxClientsStatus.  Default value: -1 (feature disabled)'),(2,'World:ClearTempMerchantlist','false','cavedude: Clears temp merchant items when world boots.'),(2,'Character:MaxExpLevel','50','Sets the Max Level attainable via Experience'),(2,'Zone:AutoShutdownDelay','5000',''),(2,'Chat:ServerWideOOC','true','notation'),(2,'Chat:ServerWideAuction','true','notation'),(2,'Combat:AdjustProcPerMinute','true','notation'),(2,'Combat:AvgProcsPerMinute','2.0','notation'),(2,'Combat:ProcPerMinDexContrib','0.075','notation'),(2,'Combat:BaseProcChance','0.035','notation'),(2,'Combat:ProcDexDivideBy','11000','notation'),(2,'Spells:BaseCritChance','0','base % chance that everyone has to crit a spell'),(2,'Spells:BaseCritRatio','100','base % bonus to damage on a successful spell crit. 100 = 2x damage'),(2,'Spells:WizCritLevel','12','level wizards first get spell crits'),(2,'Spells:WizCritChance','5',''),(2,'Spells:WizCritRatio','0',''),(2,'Character:SharedBankPlat','true','off by default to prevent duping for now'),(2,'Spells:ResistPerLevelDiff','85','8.5 resist per level difference.'),(2,'Combat:BaseHitChance','69','notation'),(2,'Combat:AgiHitFactor','0.01','notation'),(2,'Character:UseDeathExpLossMult','false','Adjust to use the above multiplier or to use code default.'),(2,'Character:BindAnywhere','false','notation'),(2,'World:AccountSessionLimit','1','Max number of characters allowed on at once from a single account (-1 is disabled)'),(2,'World:ExemptAccountLimitStatus','200','Min status required to be exempt from multi-session per account limiting (-1 is disabled)'),(2,'Bazaar:MaxSearchResults','200','notation'),(2,'World:TutorialZoneID','189','notation'),(2,'Mail:EnableMailSystem','true','If false:client wont bring up the Mail window.'),(2,'Mail:ExpireTrash','0','Time in seconds. 0 will delete all messages in the trash when the mailserver starts'),(2,'Mail:ExpireRead','31536000','1 Year. Set to -1 for never'),(2,'Mail:ExpireUnread','31536000','1 Year. Set to -1 for never'),(2,'Channels:RequiredStatusAdmin','251','Required status to administer chat channels'),(2,'Channels:RequiredStatusListAll','251','Required status to list all chat channels'),(2,'Chat:EnableVoiceMacros','true','notation'),(2,'Spells:TranslocateTimeLimit','0','If not zero:time in seconds to accept a Translocate.'),(2,'EventLog:RecordSellToMerchant','false','Record sales from a player to an NPC merchant in eventlog table'),(2,'EventLog:RecordBuyFromMerchant','false','Record purchases by a player from an NPC merchant in eventlog table'),(2,'Character:AAExpMultiplier','0.65','notation'),(2,'World:GMAccountIPList','true','Check ip list against GM Accounts:AntiHack GM Accounts.'),(2,'Merchant:UsePriceMod','true','Use faction/charisma price modifiers.'),(2,'Merchant:SellCostMod','1.05','Modifier for NPC sell price.'),(2,'Merchant:BuyCostMod','0.95','Modifier for NPC buy price.'),(2,'Merchant:PriceBonusPct','4','Determines maximum price bonus from having good faction/CHA. Value is a percent.'),(2,'Merchant:PricePenaltyPct','4','Determines maximum price penalty from having bad faction/CHA. Value is a percent.'),(2,'Merchant:ChaBonusMod','3.45','Determines CHA cap:from 104 CHA. 3.45 is 132 CHA at apprehensive. 0.34 is 400 CHA at apprehensive.'),(2,'Merchant:ChaPenaltyMod','1.52','Determines CHA bottom:up to 102 CHA. 1.52 is 37 CHA at apprehensive. 0.98 is 0 CHA at apprehensive.'),(2,'Combat:HitFalloffMinor','5.0','hit will fall off up to 5% over the initial level range'),(2,'Combat:HitFalloffModerate','7.0','hit will fall off up to 7% over the three levels after the initial level range'),(2,'Combat:HitFalloffMajor','50.0',''),(2,'Combat:HitBonusPerLevel','1.2',''),(2,'Combat:WeaponSkillFalloff','0.33',''),(2,'Combat:ArcheryHitPenalty','0.45','Archery has a hit penalty to try to help balance it with the plethora of long term +hit modifiers for it'),(2,'Chat:EnableMailKeyIPVerification','true','notation'),(2,'Chat:EnableAntiSpam','false','notation'),(2,'Chat:MinStatusToBypassAntiSpam','80','notation'),(2,'Chat:MinimumMessagesPerInterval','4','notation'),(2,'Chat:MaximumMessagesPerInterval','12','notation'),(2,'Chat:MaxMessagesBeforeKick','20','notation'),(2,'Chat:IntervalDurationMS','60000','notation'),(2,'Chat:KarmaUpdateIntervalMS','1200000','notation'),(2,'Character:GroupExpMultiplier','0.65','notation'),(2,'Character:RaidExpMultiplier','1.0','notation'),(2,'World:MinGMAntiHackStatus','11','Minimum GM status to check against AntiHack list'),(2,'Character:RestRegenPercent','0','Set to >0 to enable rest state bonus HP and mana regen.'),(2,'Character:RestRegenTimeToActivate','30000','Time in seconds for rest state regen to kick in.'),(2,'Zone:UsePEQZoneDebuffs','false','Will determine if #peqzone will debuff players or not when used.'),(2,'Combat:NPCBonusHitChance','26.0','notation'),(2,'Character:UseXPConScaling','true',''),(2,'Character:WhiteModifier','100',''),(2,'Character:YellowModifier','125',''),(1,'AlKabor:GreensGiveXPToGroup','true',''),(2,'Pathing:Aggro','true',''),(2,'Pathing:AggroReturnToGrid','true',''),(2,'Pathing:CandidateNodeRangeXY','400.000000',''),(2,'Zone:PEQZoneReuseTime','300','Amount of time, in seconds, before you can reuse the #peqzone command'),(2,'Zone:PEQZoneDebuff1','4454','First debuff casted by #peqzone Default is Cursed Keepers Blight.'),(2,'Zone:PEQZoneDebuff2','2209','Second debuff casted by #peqzone Default is Tendrils of Apathy.'),(2,'NPC:LastFightingDelayMovingMin','5000','Minimum time (in ms) before mob goes home after all aggro loss'),(2,'NPC:LastFightingDelayMovingMax','20000','Maximum time (in ms) before mob goes home after all aggro loss'),(2,'Combat:ArcheryBonusRequiresStationary','true','does the 2x archery bonus chance require a stationary npc'),(2,'NPC:SmartLastFightingDelayMoving','true','When true, mobs that started going home previously will do so again immediately if still on FD hate list'),(2,'Pathing:CandidateNodeRangeZ','50.0000000',''),(2,'Pathing:Fear','true',''),(2,'Combat:ArcheryBaseDamageBonus','1','Modifier to Base Archery Damage .5 = 50%, 1 = 100%, 2 = 200%'),(2,'Pathing:Guard','true',''),(2,'Pathing:LOSCheckFrequency','1000',''),(2,'Pathing:MaxNodesLeftForLOSCheck','4',''),(2,'Pathing:MinDistanceForLOSCheckLong','1000000.00',''),(2,'Pathing:MinDistanceForLOSCheckShort','40000.0000',''),(2,'Pathing:MinNodesTraversedForLOSCheck','3',''),(2,'Pathing:RouteUpdateFrequencyLong','5000',''),(2,'Pathing:RouteUpdateFrequencyNodeCount','5',''),(2,'Pathing:RouteUpdateFrequencyShort','1000',''),(1,'World:AdjustRespawnTimes','false',''),(2,'Map:FindBestZHeightAdjust','1',''),(2,'Map:UseClosestZ','true',''),(2,'Spells:SacrificeMinLevel','46','First level Sacrifice will work on'),(2,'Spells:SacrificeMaxLevel','69','Last level Sacrifice will work on'),(2,'Spells:SacrificeItemID','9963','Item ID of the item Sacrifice will return. Defaults to an Essence Emerald.'),(2,'Combat:MaxRampageTargets','3','max number of people hit with rampage'),(2,'Combat:MaxFlurryHits','2','max number of extra hits from flurry'),(2,'Combat:MonkDamageTableBonus','10','% bonus monks get to their damage table calcs'),(2,'Combat:FlyingKickBonus','25','% Modifier that this skill gets to str and skill bonuses'),(2,'Combat:DragonPunchBonus','20','% Modifier that this skill gets to str and skill bonuses'),(2,'Combat:EagleStrikeBonus','15','% Modifier that this skill gets to str and skill bonuses'),(2,'Combat:TigerClawBonus','10','% Modifier that this skill gets to str and skill bonuses'),(2,'Combat:RoundKickBonus','5','% Modifier that this skill gets to str and skill bonuses'),(2,'Character:MaxFearDurationForPlayerCharacter','4','4 tics, each tic calculates every 6 seconds.'),(2,'Character:MaxCharmDurationForPlayerCharacter','15','15 tics, each tic calculates every 6 seconds.'),(2,'AA:ExpPerPoint','23976503','Amount of exp per AA. Is the same as the amount of exp to go from level 51 to level 52.'),(2,'World:MaxClientsSetByStatus','false','If True, IP Limiting will be set to the status on the account as long as the status is > MaxClientsPerIP'),(2,'Combat:FleeSnareHPRatio','21','HP at which snare will halt movement of a fleeing NPC.'),(2,'Chat:KarmaGlobalChatLimit','0','amount of karma you need to be able to talk in ooc/auction/chat below the level limit'),(2,'Chat:GlobalChatLevelLimit','1','level limit you need to of reached to talk in ooc/auction/chat if your karma is too low.'),(2,'Zone:HotZoneBonus','0.75','hot zone XP bonus'),(2,'Zone:MarkMQWarpLT','false',''),(2,'Spells:EnableSpellGlobals','false','If true, spells check the spell_globals table against quest globals before allowing spells to scribe via quest::scribespell'),(2,'NPC:ReturnNonQuestNoDropItems','true','Return NO DROP items on NPCs that do not have an EVENT_ITEM sub in their script'),(2,'World:GuildBankZoneID','345','ID of zone the Guild Bank works in. Default 345, guildhall'),(2,'Character:DeathExpLossMaxLevel','255','Any level greater than this will no longer lose exp on death'),(2,'Skills:UseLimitTradeskillSearchSkillDiff','true','Enables the limit for the maximum difference between trivial and skill for recipe searches and favorites.'),(2,'Skills:MaxTradeskillSearchSkillDiff','50','The maximum difference in skill between the trivial of an item and the skill of the player if the trivial is higher than the skill. Recipes that have not been learnt or made at least once via the Experiment mode will be removed from searches based on this criteria.'),(2,'Character:SoDClientUseSoDHPManaEnd','false','Setting this to true will allow SoD clients to use the SoD HP/Mana/End formulas and previous clients will use the old formulas'),(2,'Spells:MaxBuffSlotsNPC','15',''),(2,'Spells:MaxSongSlotsNPC','10',''),(2,'Spells:MaxDiscSlotsNPC','1',''),(2,'Spells:MaxTotalSlotsNPC','15',''),(2,'Chracter:DeathExpLossMaxLevel','255','Any level greater than this will no longer lose exp on death'),(1,'Skills:MaxTrainSpecializations','50','Max level a GM trainer will train casting specializations'),(1,'World:IsGMPetitionWindowEnabled','false',''),(1,'Spells:ReflectType','1','0 = disabled, 1 = single target player spells only, 2 = all player spells, 3 = all single target spells, 4 = all spells'),(1,'Character:UseNewStatsWindow','false',''),(1,'Spells:EnableBlockedBuffs','true',''),(1,'Combat:NPCBashKickStunChance','15','Percent chance that a bash/kick will stun'),(1,'Character:ItemEnduranceRegenCap','15','Endurance cap from items'),(1,'AlKabor:NoDropRemoveTradeskill','true',''),(1,'AlKabor:OutOfRangeGroupXPBonus','true',''),(1,'Spells:MaxTotalSlotsNPC','30',''),(1,'Spells:MaxBuffSlotsNPC','30',''),(1,'Character:SoDClientUseSoDHPManaEnd','false','Setting this to true will allow SoD clients to use the SoD HP/Mana/End formulas and previous clients will use the old formulas'),(1,'Skills:MaxTradeskillSearchSkillDiff','50','The maximum difference in skill between the trivial of an item and the skill of the player if the trivial is higher than the skill. Recipes that have not been learnt or made at least once via the Experiment mode will be removed from searches based on this criteria.'),(1,'Skills:UseLimitTradeskillSearchSkillDiff','true','Enables the limit for the maximum difference between trivial and skill for recipe searches and favorites.'),(1,'Character:DeathExpLossMaxLevel','255','Any level greater than this will no longer lose exp on death'),(1,'World:GuildBankZoneID','345','ID of zone the Guild Bank works in. Default 345, guildhall'),(1,'NPC:ReturnNonQuestNoDropItems','true','Return NO DROP items on NPCs that do not have an EVENT_ITEM sub in their script'),(1,'Spells:EnableSpellGlobals','false','If true, spells check the spell_globals table against quest globals before allowing spells to scribe via quest::scribespell'),(1,'Zone:MarkMQWarpLT','false',''),(1,'Zone:HotZoneBonus','0.75','hot zone XP bonus'),(1,'Chat:GlobalChatLevelLimit','1',''),(11,'Character:MaxLevel','50',''),(11,'Character:MaxExpLevel','50',''),(1,'Chat:KarmaGlobalChatLimit','0','amount of karma you need to be able to talk in ooc/auction/chat below the level limit'),(1,'Combat:FleeSnareHPRatio','21','HP at which snare will halt movement of a fleeing NPC.'),(1,'World:MaxClientsSetByStatus','false','If True, IP Limiting will be set to the status on the account as long as the status is > MaxClientsPerIP'),(1,'AA:ExpPerPoint','18750000','Amount of exp per AA. Is the same as the amount of exp to go from level 51 to level 52.'),(1,'Character:MaxFearDurationForPlayerCharacter','4','4 tics, each tic calculates every 6 seconds.'),(1,'Character:MaxCharmDurationForPlayerCharacter','21','15 tics, each tic calculates every 6 seconds.'),(1,'Combat:RoundKickBonus','5','% Modifier that this skill gets to str and skill bonuses'),(1,'Combat:TigerClawBonus','10','% Modifier that this skill gets to str and skill bonuses'),(1,'Combat:EagleStrikeBonus','15','% Modifier that this skill gets to str and skill bonuses'),(1,'Combat:DragonPunchBonus','20','% Modifier that this skill gets to str and skill bonuses'),(1,'Combat:FlyingKickBonus','25','% Modifier that this skill gets to str and skill bonuses'),(1,'Combat:MonkDamageTableBonus','10','% bonus monks get to their damage table calcs'),(1,'Combat:MaxFlurryHits','2','max number of extra hits from flurry'),(1,'Combat:MaxRampageTargets','3','max number of people hit with rampage'),(1,'Spells:SacrificeItemID','9963','Item ID of the item Sacrifice will return. Defaults to an Essence Emerald.'),(1,'Spells:SacrificeMaxLevel','69','Last level Sacrifice will work on'),(1,'Spells:SacrificeMinLevel','46','First level Sacrifice will work on'),(1,'Map:UseClosestZ','true',''),(1,'Map:FindBestZHeightAdjust','1',''),(2,'Range:DoorOpen','700',''),(1,'Pathing:RouteUpdateFrequencyShort','1000',''),(1,'Pathing:RouteUpdateFrequencyNodeCount','5',''),(1,'Pathing:MinDistanceForLOSCheckShort','40000.0000',''),(1,'Pathing:MinNodesTraversedForLOSCheck','3',''),(1,'Pathing:RouteUpdateFrequencyLong','5000',''),(1,'Pathing:LOSCheckFrequency','1000',''),(1,'Pathing:MaxNodesLeftForLOSCheck','4',''),(1,'Pathing:MinDistanceForLOSCheckLong','1000000.00',''),(1,'Pathing:Guard','true',''),(1,'Combat:ArcheryBaseDamageBonus','1','Modifier to Base Archery Damage .5 = 50%, 1 = 100%, 2 = 200%'),(1,'Pathing:Fear','true',''),(1,'Pathing:CandidateNodeRangeZ','50.0000000',''),(1,'NPC:SmartLastFightingDelayMoving','true','When true, mobs that started going home previously will do so again immediately if still on FD hate list'),(1,'Combat:ArcheryBonusRequiresStationary','true','does the 2x archery bonus chance require a stationary npc'),(1,'NPC:LastFightingDelayMovingMax','30000','Maximum time (in ms) before mob goes home after all aggro loss'),(1,'NPC:LastFightingDelayMovingMin','5000','Minimum time (in ms) before mob goes home after all aggro loss'),(1,'Zone:PEQZoneDebuff2','2209','Second debuff casted by #peqzone Default is Tendrils of Apathy.'),(1,'Zone:PEQZoneDebuff1','4454','First debuff casted by #peqzone Default is Cursed Keepers Blight.'),(1,'Zone:PEQZoneReuseTime','300','Amount of time, in seconds, before you can reuse the #peqzone command'),(1,'Pathing:AggroReturnToGrid','true',''),(1,'Pathing:CandidateNodeRangeXY','400.000000',''),(1,'Pathing:Aggro','true',''),(1,'Character:YellowModifier','125',''),(1,'AlKabor:GroupEXPBonuses','true',''),(1,'Character:WhiteModifier','100',''),(1,'Combat:NPCBonusHitChance','26.0','notation'),(1,'Character:UseXPConScaling','true',''),(1,'Zone:UsePEQZoneDebuffs','false','Will determine if #peqzone will debuff players or not when used.'),(1,'Character:RestRegenTimeToActivate','30000','Time in seconds for rest state regen to kick in.'),(1,'Character:RestRegenPercent','0','Set to >0 to enable rest state bonus HP and mana regen.'),(1,'Character:RaidExpMultiplier','1.0','notation'),(1,'World:MinGMAntiHackStatus','11','Minimum GM status to check against AntiHack list'),(1,'Chat:KarmaUpdateIntervalMS','1200000','notation'),(1,'Character:GroupExpMultiplier','1','notation'),(1,'Chat:MaxMessagesBeforeKick','20','notation'),(1,'Chat:IntervalDurationMS','60000','notation'),(1,'Chat:MinimumMessagesPerInterval','4','notation'),(1,'Chat:MaximumMessagesPerInterval','12','notation'),(1,'Chat:MinStatusToBypassAntiSpam','80','notation'),(1,'Chat:EnableMailKeyIPVerification','true','notation'),(1,'Chat:EnableAntiSpam','false',''),(1,'Combat:WeaponSkillFalloff','0.33',''),(1,'Combat:ArcheryHitPenalty','0.45','Archery has a hit penalty to try to help balance it with the plethora of long term +hit modifiers for it'),(1,'Combat:HitBonusPerLevel','1.2',''),(1,'Combat:HitFalloffMajor','50.0',''),(1,'Combat:HitFalloffModerate','7.0','hit will fall off up to 7% over the three levels after the initial level range'),(1,'Combat:HitFalloffMinor','5.0','hit will fall off up to 5% over the initial level range'),(1,'Merchant:ChaPenaltyMod','1.52','Determines CHA bottom:up to 102 CHA. 1.52 is 37 CHA at apprehensive. 0.98 is 0 CHA at apprehensive.'),(1,'Merchant:ChaBonusMod','3.45','Determines CHA cap:from 104 CHA. 3.45 is 132 CHA at apprehensive. 0.34 is 400 CHA at apprehensive.'),(1,'Merchant:PricePenaltyPct','4','Determines maximum price penalty from having bad faction/CHA. Value is a percent.'),(1,'Merchant:PriceBonusPct','4','Determines maximum price bonus from having good faction/CHA. Value is a percent.'),(1,'Merchant:BuyCostMod','0.95','Modifier for NPC buy price.'),(1,'Merchant:SellCostMod','1.05','Modifier for NPC sell price.'),(1,'Merchant:UsePriceMod','true','Use faction/charisma price modifiers.'),(1,'World:GMAccountIPList','false','Check ip list against GM Accounts:AntiHack GM Accounts.'),(1,'Character:AAExpMultiplier','1.0','notation'),(1,'EventLog:RecordBuyFromMerchant','false','Record purchases by a player from an NPC merchant in eventlog table'),(1,'EventLog:RecordSellToMerchant','false','Record sales from a player to an NPC merchant in eventlog table'),(1,'Chat:EnableVoiceMacros','true','notation'),(1,'Spells:TranslocateTimeLimit','0','If not zero:time in seconds to accept a Translocate.'),(1,'Channels:RequiredStatusListAll','251','Required status to list all chat channels'),(1,'Channels:RequiredStatusAdmin','251','Required status to administer chat channels'),(1,'Mail:ExpireUnread','31536000','1 Year. Set to -1 for never'),(1,'Mail:ExpireRead','31536000','1 Year. Set to -1 for never'),(1,'Mail:ExpireTrash','0','Time in seconds. 0 will delete all messages in the trash when the mailserver starts'),(1,'Mail:EnableMailSystem','true','If false:client wont bring up the Mail window.'),(1,'World:TutorialZoneID','189','notation'),(1,'Bazaar:MaxSearchResults','200','notation'),(1,'World:ExemptAccountLimitStatus','200','Min status required to be exempt from multi-session per account limiting (-1 is disabled)'),(1,'World:AccountSessionLimit','1','Max number of characters allowed on at once from a single account (-1 is disabled)'),(1,'Character:BindAnywhere','false','notation'),(1,'Character:UseDeathExpLossMult','true','Adjust to use the above multiplier or to use code default.'),(1,'Combat:BaseHitChance','69','notation'),(1,'Combat:AgiHitFactor','0.01','notation'),(1,'Spells:ResistPerLevelDiff','85','8.5 resist per level difference.'),(1,'Character:SharedBankPlat','true','off by default to prevent duping for now'),(1,'Spells:WizCritChance','2',''),(1,'Spells:WizCritRatio','0',''),(1,'Spells:WizCritLevel','12','level wizards first get spell crits'),(1,'Spells:BaseCritRatio','100','base % bonus to damage on a successful spell crit. 100 = 2x damage'),(1,'Spells:BaseCritChance','0','base % chance that everyone has to crit a spell'),(1,'Combat:BaseProcChance','0.035','notation'),(1,'Combat:ProcDexDivideBy','11000','notation'),(1,'Combat:AvgProcsPerMinute','2.0','notation'),(1,'Combat:ProcPerMinDexContrib','0.075','notation'),(1,'Chat:ServerWideAuction','true','notation'),(1,'Combat:AdjustProcPerMinute','true','notation'),(1,'Chat:ServerWideOOC','true','notation'),(1,'Character:MaxExpLevel','65','Sets the Max Level attainable via Experience'),(1,'Zone:AutoShutdownDelay','5000',''),(1,'World:ClearTempMerchantlist','true','cavedude: Clears temp merchant items when world boots.'),(1,'World:AddMaxClientsPerIP','-1','Maximum number of clients allowed to connect per IP address if account status is < ExemptMaxClientsStatus.  Default value: -1 (feature disabled)'),(1,'World:EnableReturnHomeButton','true','notation'),(1,'World:MaxLevelForTutorial','1','notation'),(1,'World:MinOfflineTimeToReturnHome','21600','21600 seconds is 6 Hours'),(1,'World:AddMaxClientsStatus','-1','Accounts with status >= this rule will be allowed to use the amount of accounts defined in the AddMaxClientsPerIP.  Default value: -1 (feature disabled)'),(1,'TaskSystem:KeepOneRecordPerCompletedTask','true','notation'),(1,'TaskSystem:EnableTaskProximity','true','notation'),(1,'World:EnableTutorialButton','false','notation'),(1,'TaskSystem:RecordCompletedOptionalActivities','true','notation'),(1,'TaskSystem:PeriodicCheckTimer','5',''),(1,'TaskSystem:RecordCompletedTasks','true','notation'),(1,'TaskSystem:EnableTaskSystem','true','Globally enable or disable the Task system'),(1,'AlKabor:StripBuffsOnLowHP','true',''),(2,'Spells:EnableBlockedBuffs','true',''),(1,'Character:SkillUpModifier','70','skill ups are at 100%'),(2,'Combat:WarriorThreatBonus','0',''),(2,'Combat:NPCBashKickStunChance','15','Percent chance that a bash/kick will stun'),(1,'NPC:EnableNPCQuestJournal','true','notation'),(1,'NPC:CorpseUnlockTimer','120000','notation'),(1,'NPC:EmptyNPCCorpseDecayTimeMS','30000','notation'),(1,'Spells:PartialHitChanceFear','0.25','The chance when a fear spell is resisted that it will partial hit.'),(2,'Character:ItemEnduranceRegenCap','15','Endurance cap from items'),(2,'Character:UseNewStatsWindow','true','New stats window shows so much it got the TSA seal of approval'),(1,'World:UseBannedIPsTable','true','Toggle whether or not to check incoming client connections against the Banned_IPs table. Set this value to false to disable this feature.'),(1,'Zone:MQWarpExemptStatus','80',''),(2,'Spells:ReflectType','1','0 = disabled, 1 = single target player spells only, 2 = all player spells, 3 = all single target spells, 4 = all spells'),(1,'Zone:MQWarpDetectionDistanceFactor','9.0',''),(2,'Character:HasteCap','100','Haste cap for item haste + spell haste(not including overhaste)'),(2,'Character:MaxDraggedCorpses','2','Maximum number of corpses that a player can /corpsedrag at once'),(2,'Character:DragCorpseDistance','400.000000','If a player is using /corpsedrag and moving, the corpse will not move until the player exceeds this distance (NoRootNoZ)'),(2,'Character:CorpseResTimeMS','10800000','Time to res a corpse(ms)'),(2,'Spells:VirusSpreadDistance','30','The distance a viral spell will jump to its next victim'),(2,'Character:ItemCastsUseFocus','false','If true, this allows item clickies to use focuses that have limited max levels on them'),(2,'Character:CheckCursorEmptyWhenLooting','true','If true, a player cannot loot a corpse (player or NPC) with an item on their cursor'),(2,'World:ExpansionSettings','15','Expansion settings. Affects client features related to expansions.'),(2,'World:PVPSettings','0','PVP Settings, affects clients\' attack state and Sony-hardcoded checks for PVP rules.'),(2,'World:IsGMPetitionWindowEnabled','false',''),(2,'World:FVNoDropFlag','0','Sets the FV ruleset to on or off. Enable with rule 2 for GM-trading only. Keep in mind this disables OOC chatter for GMs only if you choose that option.'),(2,'Character:MinStatusForNoDropExemptions','80','Enables bypassing of no-drop flags if status is set to this value and FVNoDropFlag is set to 2.'),(2,'Character:SkillCapMaxLevel','-1','Sets the Max Level used for Skill Caps (from skill_caps table).  Default of -1 makes it use MaxLevel rule value.'),(2,'Character:StatCap','0','Sets the Max Statistics Cap for PCs. 0 = feature disabled'),(2,'Character:MaintainIntoxicationAcrossZones','true','If true, alcohol effects are maintained across zoning and logging out/in.'),(2,'Skills:MaxTrainSpecializations','50','Max level a GM trainer will train casting specializations'),(2,'Combat:ArcheryNPCMultiplier','1.0','Multiplied by the min and max hit to determine npcs ranged dmg'),(2,'Console:SessionTimeOut','600000','This sets the default timeout time for Telnet sessions (MS)'),(2,'Guild:PlayerCreationAllowed','false','Allow players with Underfoot+ to create a guild via new UI window.'),(2,'Guild:PlayerCreationLimit','1','Allow players to create a guild using the window in Underfoot+'),(2,'Guild:PlayerCreationRequiredLevel','0','Required level to use the UF+ window to create a new guild.'),(2,'Guild:PlayerCreationRequiredStatus','0','Required admin status to use UF+ window to create a new guild.'),(2,'Guild:PlayerCreationRequiredTime','0','Required Time Entitled on Account to be able to use UF+ window to create a new guild.'),(2,'Spells:LiveLikeFocusEffects','true','Makes certain healing, dmg and mana reduction focuses random like live'),(2,'NPC:StartEnrageValue','9','% HP value that mobs will begin to enrage.'),(2,'NPC:LiveLikeEnrage','false','If enabled, will cause all non-player pets to lose the ability to enrage.'),(2,'Character:ItemExtraDmgCap','150','eg +bash, +frenzy dmg, etc'),(1,'Zone:MQZoneExemptStatus','80',''),(1,'Zone:MQGhostExemptStatus','80',''),(1,'Zone:MQGateExemptStatus','80',''),(1,'Zone:EnableMQWarpDetector','false',''),(1,'Combat:FleeIfNotAlone','false',''),(1,'Zone:EnableMQZoneDetector','true',''),(1,'Zone:EnableMQGateDetector','true',''),(1,'World:MaxClientsPerIP','-1','Maximum number of clients allowed to connect per IP address if account status is < AddMaxClientsStatus.  Default value: -1 (feature disabled)'),(1,'Character:DeathItemLossLevel','10','notation'),(1,'Zone:EnableMQGhostDetector','true',''),(1,'NPC:BuffFriends','true','notation'),(1,'Aggro:SpellAggroMod','100','notation'),(1,'Combat:AssistNoTargetSelf','false','When assisting a target without a target: true = target self, false = leave target as was before assist (this is the behavior on live)'),(1,'Character:DisableAAs','false',' '),(1,'Watermap:FishingLineLength','40','If water is more than this far below the player:it is considered too far to fish'),(1,'Watermap:FishingRodLength','30','How far in front of player water must be for fishing to work'),(1,'Watermap:CheckForWaterWhenFishing','true','Only lets a player fish near water (if a water map exists for the zone)'),(1,'Watermap:CheckForWaterOnSendTo','true','Checks if a mob has moved into/out of water on SendTo'),(1,'Watermap:CheckForWaterAtWaypoints','true',''),(1,'Watermap:CheckForWaterWhenMoving','true',''),(1,'NPC:OOCRegen','1','notation'),(1,'Watermap:CheckWaypointsInWaterWhenLoading','true',''),(1,'NPC:SayPauseTimeInSec','70','notation'),(2,'Character:UseRaceClassExpBonuses','true','Setting this to true will enable Class and Racial experience rate bonuses'),(1,'Combat:UseIntervalAC','true',''),(1,'Combat:PetAttackMagicLevel','30',''),(2,'Character:EnableDiscoveredItems','false','If enabled, it enables EVENT_DISCOVER_ITEM and also saves character names and timestamps'),(1,'Character:HealOnLevel','false','notation'),(1,'Character:FeignKillsPet','false','notation'),(2,'World:DeleteStaleCorpeBackups','true','Deletes stale corpse backups older than 2 weeks.'),(2,'Zone:UsePlayerCorpseBackups','true','Keeps backups of player corpses.'),(2,'Spells:AvgSpellProcsPerMinute','6.0','Default = 6.0 Determines proc rate of spells applied from sympathetic focus effect'),(2,'Spells:ResistFalloff','67','Default = 67 Max that level that will adjust our resist chance based on level modifiers'),(2,'Spells:CharismaEffectiveness','10','Default 10 CHA = -1 resist mod. Deterimes how much resist modification charisma applies to charm/pacify checks.'),(2,'Spells:CharmBreakCheckChance','65','Default 25. Determines percent chance for a charm break check to occur each buff tick.'),(2,'Combat:AvgDefProcsPerMinute','2','Default 2. Determines defensive procs per minute.'),(2,'Combat:DefProcPerMinAgiContrib','0.075','Default 25. Determines how much agility effects proc rate.'),(2,'Combat:SpecialAttackACBonus','15','(Default=15) Percent amount of damage per AC gained for certain special attacks (damage = AC*SpecialAttackACBonus/100).'),(1,'Zone:ClientLinkdeadMS','180000',''),(1,'Map:FixPathingZAtWaypoints','true',''),(1,'Map:FixPathingZWhenMoving','true',''),(1,'Map:FixPathingZOnSendTo','true',''),(1,'Zone:GraveyardTimeMS','1200000',''),(1,'Map:FixPathingZWhenLoading','true',''),(1,'Zone:EnableShadowrest','0',''),(1,'NPC:UseItemBonusesForNonPets','true','notation'),(1,'Character:ExpMultiplier','1','notation'),(1,'NPC:MinorNPCCorpseDecayTimeMS','480000','level<55'),(1,'NPC:MajorNPCCorpseDecayTimeMS','1800000','level>=55'),(2,'Combat:FrenzyBonus','0','Modify Frenzy skill damage by percent,'),(1,'Zone:NPCPositonUpdateTicCount','32','ms between intervals of sending a position update to the entire zone.'),(2,'Combat:TauntSkillFalloff','0.33','(Default=0.33) For every taunt skill point thats not maxed you lose this % chance to taunt.'),(1,'Combat:ClientBaseCritChance','0',''),(1,'Spells:PartialHitChance','0.7','The chance when a spell is resisted that it will partial hit.'),(1,'Spells:ResistMod','0.40','multiplier:chance to resist = this * ResistAmount'),(2,'Spells:MaxCastTimeReduction','50','Max percent your spell cast time can be reduced by spell haste.'),(2,'Spells:RootBreakFromSpells','55','Chance for root to break when cast on.'),(2,'Spells:DeathSaveCharismaMod','3','Determines how much charisma effects chance of death save firing.(CHA*value/10)'),(2,'Spells:DivineInterventionHeal','8000','Divine intervention heal amount.'),(2,'Combat:NPCFlurryChance','20','(Default=20) Chance for NPC to flurry if special attack F '),(1,'Spells:AutoResistDiff','15','notation'),(1,'Spells:ResistChance','2.0','chance to resist given no resists and same level'),(1,'Combat:BerserkBaseCritChance','6',''),(1,'Combat:NPCBashKickLevel','6',''),(2,'Spells:AdditiveBonusValues','false','Allow certain bonuses to be calculated by adding together the value from each item, instead of taking the highest value. (ie Add together all Cleave Effects)'),(2,'Character:PerCharacterQglobalMaxLevel','false','Allows Character Max Level based on qglobal \"CharMaxLevel'),(1,'Combat:WarBerBaseCritChance','3','The base crit chance for warriors and berserkers:only applies to clients'),(2,'QueryServ:PlayerLogNPCKills','true',''),(2,'QueryServ:PlayerLogTrades','true',''),(2,'QueryServ:PlayerChatLogging','true',''),(2,'QueryServ:PlayerLogMoneyTrades','true',''),(2,'QueryServ:PlayerLogPCCoordinates','true',''),(1,'Combat:MeleeBaseCritChance','0','The base crit chance for non warriors:NOTE: This will apply to NPCs as well'),(1,'Combat:EnableFearPathing','true',''),(2,'Chat:FlowCommandstoPerl_EVENT_SAY','true',''),(2,'World:IPLimitDisconnectAll','false','Disconnect all current clients by IP if they go over the IP limit.  This should allow people to quickly reconnect in the case of dead sessions waiting to timeout.'),(1,'Combat:FleeHPRatio','21',''),(1,'World:ExemptMaxClientsStatus','-1','Exempt accounts from the MaxClientsPerIP and AddMaxClientsStatus rules:if their status is >= this value.  Default value: -1 (feature disabled)'),(1,'World:ZoneAutobootTimeoutMS','120000','notation'),(1,'World:ClientKeepaliveTimeoutMS','95000','notation'),(2,'Pets:UnTargetableSwarmPet','false','Set true to allow swarm pets to not be targeted by clients.'),(2,'QueryServ:PlayerLogMerchantTransactions','true',''),(2,'QueryServ:PlayerLogDeletes','true',''),(2,'QueryServ:PlayerLogHandins','true',''),(2,'QueryServ:PlayerLogMoves','true',''),(1,'Pets:AttackCommandRange','200','Range at which a pet will respond to attack commands'),(1,'Skills:MaxTrainTradeskills','21','Highest skill level that tradeskills can be trained to from GM Trainers'),(1,'Guild:MaxMembers','2048','Max number of members allowed in a single guild'),(1,'Character:AutosaveIntervalS','240','0=disabled'),(1,'Character:LeaveNakedCorpses','true','notation'),(1,'Character:DeathExpLossLevel','11','notation'),(1,'Character:CorpseDecayTimeMS','604800000','notation'),(1,'GM:MinStatusToZoneAnywhere','250','This setting overrides the minstatus setting in the zones table if set'),(1,'Character:MaxLevel','65','notation'),(1,'Character:LeaveCorpses','true','notation'),(2,'Mercs:AllowMercs','false','Turns mercs on for the server - will not load merc data if set to false.'),(2,'Mercs:SuspendIntervalMS','10000','Time interval for suspend command in milliseconds.'),(2,'Mercs:UpkeepIntervalMS','180000','Time interval for merc upkeep in milliseconds.'),(2,'Mercs:SuspendIntervalS','10','Time interval for suspend command in seconds.'),(2,'Mercs:UpkeepIntervalS','180','Time interval for merc upkeep in seconds.'),(2,'Mercs:ScaleRate','100','Allows scaling of merc stats vs livelike values.'),(2,'Mercs:AggroRadius','100','Determines the distance from which a merc will aggro target(also used to determine the distance at which a healer merc will begin healing a group member)'),(2,'Mercs:AggroRadiusPuller','25','Determines the distance from which a merc will aggro target, if they have the group role of puller (also used to determine the distance at which a healer merc will begin healing a group member, if they have the group role of puller)'),(1,'Character:HasteCap','100','Haste cap for item haste + spell haste(not including overhaste)'),(1,'Character:MaxDraggedCorpses','2','Maximum number of corpses that a player can /corpsedrag at once'),(1,'Character:DragCorpseDistance','400.000000','If a player is using /corpsedrag and moving, the corpse will not move until the player exceeds this distance (NoRootNoZ)'),(1,'Spells:VirusSpreadDistance','30','The distance a viral spell will jump to its next victim'),(1,'Combat:ArcheryNPCMultiplier','1.0','Multiplied by the min and max hit to determine npcs ranged dmg'),(1,'Character:ItemCastsUseFocus','false','If true, this allows item clickies to use focuses that have limited max levels on them'),(1,'World:ExpansionSettings','15','Expansion settings. Affects client features related to expansions.'),(1,'World:PVPSettings','0','PVP Settings, affects clients\' attack state and Sony-hardcoded checks for PVP rules.'),(1,'World:FVNoDropFlag','0','Sets the FV ruleset to on or off. Enable with rule 2 for GM-trading only. Keep in mind this disables OOC chatter for GMs only if you choose that option.'),(1,'Character:MinStatusForNoDropExemptions','80','Enables bypassing of no-drop flags if status is set to this value and FVNoDropFlag is set to 2.'),(1,'Character:SkillCapMaxLevel','65','Sets the Max Level used for Skill Caps (from skill_caps table).  Default of -1 makes it use MaxLevel rule value.'),(1,'Console:SessionTimeOut','600000','This sets the default timeout time for Telnet sessions (MS)'),(1,'Guild:PlayerCreationAllowed','false','Allow players with Underfoot+ to create a guild via new UI window.'),(1,'Guild:PlayerCreationLimit','1','Allow players to create a guild using the window in Underfoot+'),(1,'Guild:PlayerCreationRequiredLevel','0','Required level to use the UF+ window to create a new guild.'),(1,'Guild:PlayerCreationRequiredStatus','0','Required admin status to use UF+ window to create a new guild.'),(1,'Guild:PlayerCreationRequiredTime','0','Required Time Entitled on Account to be able to use UF+ window to create a new guild.'),(1,'Spells:LiveLikeFocusEffects','true','Makes certain healing, dmg and mana reduction focuses random like live'),(1,'NPC:StartEnrageValue','9','% HP value that mobs will begin to enrage.'),(1,'NPC:LiveLikeEnrage','false','If enabled, will cause all non-player pets to lose the ability to enrage.'),(1,'Character:ItemExtraDmgCap','150','eg +bash, +frenzy dmg, etc'),(1,'Character:CheckCursorEmptyWhenLooting','true','If true, a player cannot loot a corpse (player or NPC) with an item on their cursor'),(1,'Character:MaintainIntoxicationAcrossZones','true','If true, alcohol effects are maintained across zoning and logging out/in.'),(1,'Character:UseRaceClassExpBonuses','true','Setting this to true will enable Class and Racial experience rate bonuses'),(1,'Character:EnableDiscoveredItems','false','If enabled, it enables EVENT_DISCOVER_ITEM and also saves character names and timestamps'),(1,'Combat:WarriorThreatBonus','0',''),(1,'Character:CorpseResTimeMS','10800000','Time to res a corpse(ms)'),(1,'Character:StatCap','0','Sets the Max Statistics Cap for PCs. 0 = feature disabled'),(1,'Character:SumCorpseDecayTimeMS','43200000',''),(1,'World:DeleteStaleCorpeBackups','true','Deletes stale corpse backups older than 2 weeks.'),(1,'Zone:UsePlayerCorpseBackups','true','Keeps backups of player corpses.'),(1,'Spells:AvgSpellProcsPerMinute','6.0','Default = 6.0 Determines proc rate of spells applied from sympathetic focus effect'),(1,'Spells:ResistFalloff','67','Default = 67 Max that level that will adjust our resist chance based on level modifiers'),(1,'Spells:CharismaEffectiveness','10','Default 10 CHA = -1 resist mod. Deterimes how much resist modification charisma applies to charm/pacify checks.'),(1,'Spells:CharmBreakCheckChance','65','Default 25. Determines percent chance for a charm break check to occur each buff tick.'),(1,'Combat:AvgDefProcsPerMinute','2','Default 2. Determines defensive procs per minute.'),(1,'Combat:DefProcPerMinAgiContrib','0.075','Default 25. Determines how much agility effects proc rate.'),(1,'Combat:SpecialAttackACBonus','15','(Default=15) Percent amount of damage per AC gained for certain special attacks (damage = AC*SpecialAttackACBonus/100).'),(1,'Combat:FrenzyBonus','0','Modify Frenzy skill damage by percent,'),(1,'Combat:TauntSkillFalloff','0.33','(Default=0.33) For every taunt skill point thats not maxed you lose this % chance to taunt.'),(1,'Spells:MaxCastTimeReduction','50','Max percent your spell cast time can be reduced by spell haste.'),(1,'Spells:RootBreakFromSpells','55','Chance for root to break when cast on.'),(1,'Spells:DeathSaveCharismaMod','3','Determines how much charisma effects chance of death save firing.(CHA*value/10)'),(1,'Spells:DivineInterventionHeal','8000','Divine intervention heal amount.'),(1,'Combat:NPCFlurryChance','20','(Default=20) Chance for NPC to flurry if special attack F '),(1,'Spells:AdditiveBonusValues','false','Allow certain bonuses to be calculated by adding together the value from each item, instead of taking the highest value. (ie Add together all Cleave Effects)'),(1,'Character:PerCharacterQglobalMaxLevel','false','Allows Character Max Level based on qglobal \"CharMaxLevel'),(1,'QueryServ:PlayerLogNPCKills','true',''),(1,'QueryServ:PlayerLogTrades','true',''),(1,'QueryServ:PlayerChatLogging','true',''),(1,'QueryServ:PlayerLogMoneyTrades','true',''),(1,'QueryServ:PlayerLogPCCoordinates','true',''),(1,'Chat:FlowCommandstoPerl_EVENT_SAY','true',''),(1,'World:IPLimitDisconnectAll','false','Disconnect all current clients by IP if they go over the IP limit.  This should allow people to quickly reconnect in the case of dead sessions waiting to timeout.'),(1,'Pets:UnTargetableSwarmPet','false','Set true to allow swarm pets to not be targeted by clients.'),(1,'QueryServ:PlayerLogMerchantTransactions','true',''),(1,'QueryServ:PlayerLogDeletes','true',''),(1,'QueryServ:PlayerLogHandins','true',''),(1,'QueryServ:PlayerLogMoves','true',''),(1,'Mercs:AllowMercs','false','Turns mercs on for the server - will not load merc data if set to false.'),(1,'Mercs:SuspendIntervalMS','10000','Time interval for suspend command in milliseconds.'),(1,'Mercs:UpkeepIntervalMS','180000','Time interval for merc upkeep in milliseconds.'),(1,'Mercs:SuspendIntervalS','10','Time interval for suspend command in seconds.'),(1,'Mercs:UpkeepIntervalS','180','Time interval for merc upkeep in seconds.'),(1,'Mercs:ScaleRate','100','Allows scaling of merc stats vs livelike values.'),(1,'Mercs:AggroRadius','100','Determines the distance from which a merc will aggro target(also used to determine the distance at which a healer merc will begin healing a group member)'),(1,'Mercs:AggroRadiusPuller','25','Determines the distance from which a merc will aggro target, if they have the group role of puller (also used to determine the distance at which a healer merc will begin healing a group member, if they have the group role of puller)'),(2,'Zone:LevelBasedEXPMods','true',''),(1,'Zone:LevelBasedEXPMods','true',''),(1,'Mercs:ResurrectRadius','50','Determines the distance from which a healer merc will attempt to resurrect a corpse'),(1,'Mercs:ChargeMercPurchaseCost','false','Turns Mercenary purchase costs on or off.'),(1,'Mercs:ChargeMercUpkeepCost','false','Turns Mercenary upkeep costs on or off.'),(1,'Spells:BuffLevelRestrictions','true',''),(2,'Spells:BuffLevelRestrictions','true',''),(1,'Zone:WeatherTimer','2160',''),(2,'Zone:WeatherTimer','600',''),(1,'Spells:CharismaCharmDuration','false','Allow CHA to extend charm duration.'),(1,'Spells:CharismaResistCap','255','Maximium amount of CHA that will effect charm resist rate.'),(1,'Inventory:EnforceAugmentRestriction','false','Forces augment slot restrictions.'),(1,'Inventory:EnforceAugmentUsability','false','Forces augmented item usability.'),(1,'Inventory:EnforceAugmentWear','false','Forces augment wear slot validation.'),(2,'Inventory:EnforceAugmentRestriction','false','Forces augment slot restrictions.'),(2,'Inventory:EnforceAugmentUsability','false','Forces augmented item usability.'),(2,'Inventory:EnforceAugmentWear','false','Forces augment wear slot validation.'),(2,'Character:TradeskillSkillUpModifier','0.5',''),(1,'Character:BaseRunSpeed','0.7',''),(1,'Spells:BaseFizzleChance','20',''),(2,'Spells:BaseFizzleChance','20',''),(2,'Character:BaseRunSpeed','0.7',''),(1,'Spells:FearBreakCheckChance','70','Chance for fear to do a resist check each tick. Decrease for longer fears.'),(2,'Spells:FearBreakCheckChance','70','Chance for fear to do a resist check each tick. Decrease for longer fears.'),(1,'Skills:TrackingBardMultiplier','7',''),(1,'Skills:TrackingDruidMultiplier','8',''),(1,'Skills:TrackingRangerMultiplier','9',''),(1,'Character:TradeskillSkillUpModifier','0.5',''),(1,'Spells:SuccorFailChance','0.005','Determines chance for a succor spell not to teleport an invidual player.'),(2,'Spells:SuccorFailChance','2','Determines chance for a succor spell not to teleport an invidual player.'),(1,'Skills:TrackingMultiplier','2',''),(11,'Character:DeathExpLossLevel','10',''),(11,'Character:DeathExpLossMaxLevel','255',''),(11,'Character:DeathItemLossLevel','10',''),(11,'Character:CorpseDecayTimeMS','43200000',''),(11,'Character:CorpseResTimeMS','10800000',''),(11,'Character:MaxDraggedCorpses','2',''),(11,'Character:WhiteModifier','100',''),(11,'Character:YellowModifier','125',''),(11,'Character:AutosaveIntervalS','300',''),(11,'Character:ConsumptionValue','6000',''),(11,'Character:ItemATKCap','250',''),(11,'Character:ItemEnduranceRegenCap','15',''),(11,'Character:ItemExtraDmgCap','150',''),(11,'Character:HasteCap','100',''),(11,'Character:SkillUpModifier','100',''),(11,'Character:RestRegenPercent','0',''),(11,'Character:RestRegenTimeToActivate','30000',''),(11,'Character:MaxFearDurationForPlayerCharacter','4',''),(11,'Character:MaxCharmDurationForPlayerCharacter','15',''),(11,'Character:BaseHPRegenBonusRaces','4352',''),(11,'Character:MinStatusForNoDropExemptions','80',''),(11,'Character:SkillCapMaxLevel','-1',''),(11,'Character:StatCap','0',''),(11,'Character:FoodLossPerUpdate','35',''),(11,'Character:BaseInstrumentSoftCap','36',''),(11,'Character:BaseRunSpeedCap','158',''),(11,'Guild:MaxMembers','2048',''),(11,'Guild:PlayerCreationLimit','1',''),(11,'Guild:PlayerCreationRequiredStatus','0',''),(11,'Guild:PlayerCreationRequiredLevel','0',''),(11,'Guild:PlayerCreationRequiredTime','0',''),(11,'Skills:MaxTrainTradeskills','21',''),(11,'Skills:MaxTradeskillSearchSkillDiff','50',''),(11,'Skills:MaxTrainSpecializations','50',''),(11,'GM:MinStatusToSummonItem','250',''),(11,'GM:MinStatusToZoneAnywhere','250',''),(11,'World:ZoneAutobootTimeoutMS','120000',''),(11,'World:ClientKeepaliveTimeoutMS','95000',''),(11,'World:MaxLevelForTutorial','1',''),(11,'World:TutorialZoneID','189',''),(11,'World:GuildBankZoneID','345',''),(11,'World:MinOfflineTimeToReturnHome','21600',''),(11,'World:MaxClientsPerIP','-1',''),(11,'World:ExemptMaxClientsStatus','-1',''),(11,'World:AddMaxClientsPerIP','-1',''),(11,'World:AddMaxClientsStatus','-1',''),(11,'World:AccountSessionLimit','1',''),(11,'World:ExemptAccountLimitStatus','200',''),(11,'World:MinGMAntiHackStatus','11',''),(11,'World:SoFStartZoneID','-1',''),(11,'World:ExpansionSettings','15',''),(11,'World:PVPSettings','0',''),(11,'World:FVNoDropFlag','0',''),(11,'Zone:NPCPositonUpdateTicCount','32',''),(11,'Zone:ClientLinkdeadMS','180000',''),(11,'Zone:GraveyardTimeMS','1200000',''),(11,'Zone:MQWarpExemptStatus','80',''),(11,'Zone:MQZoneExemptStatus','80',''),(11,'Zone:MQGateExemptStatus','80',''),(11,'Zone:MQGhostExemptStatus','80',''),(11,'Zone:AutoShutdownDelay','5000',''),(11,'Zone:PEQZoneReuseTime','300',''),(11,'Zone:PEQZoneDebuff1','4454',''),(11,'Zone:PEQZoneDebuff2','2209',''),(11,'Zone:ReservedInstances','30',''),(11,'Zone:WeatherTimer','600',''),(11,'Map:FindBestZHeightAdjust','4',''),(11,'Pathing:LOSCheckFrequency','1000',''),(11,'Pathing:RouteUpdateFrequencyShort','1000',''),(11,'Pathing:RouteUpdateFrequencyLong','5000',''),(11,'Pathing:RouteUpdateFrequencyNodeCount','5',''),(11,'Pathing:MinNodesLeftForLOSCheck','4',''),(11,'Pathing:MinNodesTraversedForLOSCheck','3',''),(11,'Pathing:CullNodesFromStart','1',''),(11,'Pathing:CullNodesFromEnd','1',''),(11,'Spells:AutoResistDiff','15',''),(11,'Spells:BaseCritChance','0',''),(11,'Spells:BaseCritRatio','100',''),(11,'Spells:WizCritLevel','12',''),(11,'Spells:WizCritChance','5',''),(11,'Spells:WizCritRatio','0',''),(11,'Spells:ResistPerLevelDiff','85',''),(11,'Spells:TranslocateTimeLimit','0',''),(11,'Spells:SacrificeMinLevel','46',''),(11,'Spells:SacrificeMaxLevel','69',''),(11,'Spells:SacrificeItemID','9963',''),(11,'Spells:MaxBuffSlotsNPC','15',''),(11,'Spells:MaxSongSlotsNPC','10',''),(11,'Spells:MaxDiscSlotsNPC','1',''),(11,'Spells:MaxTotalSlotsNPC','15',''),(11,'Spells:MaxTotalSlotsPET','15',''),(11,'Spells:ReflectType','1',''),(11,'Spells:VirusSpreadDistance','30',''),(11,'Spells:BaseImmunityLevel','55',''),(11,'Spells:ResistFalloff','67',''),(11,'Spells:CharismaEffectiveness','10',''),(11,'Spells:CharismaEffectivenessCap','255',''),(11,'Spells:CharmBreakCheckChance','25',''),(11,'Spells:MaxCastTimeReduction','50',''),(11,'Spells:RootBreakFromSpells','55',''),(11,'Spells:DeathSaveCharismaMod','3',''),(11,'Spells:DivineInterventionHeal','8000',''),(11,'Spells:RootBreakCheckChance','70',''),(11,'Spells:FearBreakCheckChance','70',''),(11,'Spells:SuccorFailChance','2',''),(11,'Spells:FRProjectileItem_Titanium','1113',''),(11,'Spells:FRProjectileItem_SOF','80684',''),(11,'Spells:FRProjectileItem_NPC','80684',''),(11,'Combat:MeleeBaseCritChance','0',''),(11,'Combat:WarBerBaseCritChance','3',''),(11,'Combat:BerserkBaseCritChance','6',''),(11,'Combat:NPCBashKickLevel','6',''),(11,'Combat:NPCBashKickStunChance','15',''),(11,'Combat:RogueCritThrowingChance','25',''),(11,'Combat:RogueDeadlyStrikeChance','80',''),(11,'Combat:RogueDeadlyStrikeMod','2',''),(11,'Combat:ClientBaseCritChance','0',''),(11,'Combat:PetAttackMagicLevel','30',''),(11,'Combat:FleeHPRatio','21',''),(11,'Combat:MinRangedAttackDist','25',''),(11,'Combat:MaxRampageTargets','3',''),(11,'Combat:DefaultRampageTargets','1',''),(11,'Combat:MaxFlurryHits','2',''),(11,'Combat:MonkDamageTableBonus','10',''),(11,'Combat:FlyingKickBonus','25',''),(11,'Combat:DragonPunchBonus','20',''),(11,'Combat:EagleStrikeBonus','15',''),(11,'Combat:TigerClawBonus','10',''),(11,'Combat:RoundKickBonus','5',''),(11,'Combat:FrenzyBonus','0',''),(11,'Combat:ClothACSoftcap','75',''),(11,'Combat:LeatherACSoftcap','100',''),(11,'Combat:MonkACSoftcap','120',''),(11,'Combat:ChainACSoftcap','200',''),(11,'Combat:PlateACSoftcap','300',''),(11,'Combat:HitCapPre20','40',''),(11,'Combat:HitCapPre10','20',''),(11,'Combat:MinHastedDelay','400',''),(11,'Combat:SpecialAttackACBonus','15',''),(11,'Combat:NPCFlurryChance','20',''),(11,'Combat:MonkACBonusWeight','15',''),(11,'Combat:ClientStunLevel','55',''),(11,'Combat:QuiverWRHasteDiv','3',''),(11,'Combat:ArcheryBonusChance','50',''),(11,'Combat:BerserkerFrenzyStart','35',''),(11,'Combat:BerserkerFrenzyEnd','45',''),(11,'NPC:MinorNPCCorpseDecayTimeMS','600000',''),(11,'NPC:MajorNPCCorpseDecayTimeMS','1800000',''),(11,'NPC:CorpseUnlockTimer','150000',''),(11,'NPC:EmptyNPCCorpseDecayTimeMS','0',''),(11,'NPC:SayPauseTimeInSec','10',''),(11,'NPC:OOCRegen','1',''),(11,'NPC:LastFightingDelayMovingMin','5000',''),(11,'NPC:LastFightingDelayMovingMax','30000',''),(11,'NPC:StartEnrageValue','9',''),(11,'Aggro:SpellAggroMod','100',''),(11,'Chat:MinStatusToBypassAntiSpam','80',''),(11,'Chat:MinimumMessagesPerInterval','4',''),(11,'Chat:MaximumMessagesPerInterval','12',''),(11,'Chat:MaxMessagesBeforeKick','20',''),(11,'Chat:IntervalDurationMS','60000',''),(11,'Chat:KarmaUpdateIntervalMS','1200000',''),(11,'Chat:KarmaGlobalChatLimit','0',''),(11,'Chat:GlobalChatLevelLimit','1',''),(11,'Merchant:PriceBonusPct','4',''),(11,'Merchant:PricePenaltyPct','4',''),(11,'Bazaar:MaxSearchResults','200',''),(11,'Mail:ExpireTrash','0',''),(11,'Mail:ExpireRead','31536000',''),(11,'Mail:ExpireUnread','31536000',''),(11,'Channels:RequiredStatusAdmin','251',''),(11,'Channels:RequiredStatusListAll','251',''),(11,'AA:ExpPerPoint','23976503',''),(11,'Console:SessionTimeOut','600000',''),(11,'Character:DragCorpseDistance','400.000000',''),(11,'Character:ExpMultiplier','0.64999997',''),(11,'Character:AAExpMultiplier','0.64999997',''),(11,'Character:GroupExpMultiplier','0.64999997',''),(11,'Character:RaidExpMultiplier','0.20000000',''),(11,'Pets:AttackCommandRange','200.000000',''),(11,'Zone:MQWarpDetectionDistanceFactor','9.00000000',''),(11,'Zone:HotZoneBonus','0.75000000',''),(11,'Pathing:MinDistanceForLOSCheckShort','40000.0000',''),(11,'Pathing:MinDistanceForLOSCheckLong','1000000.00',''),(11,'Pathing:CandidateNodeRangeXY','400.000000',''),(11,'Pathing:CandidateNodeRangeZ','50.0000000',''),(11,'Watermap:FishingRodLength','30.0000000',''),(11,'Watermap:FishingLineLength','40.0000000',''),(11,'Spells:ResistChance','2.00000000',''),(11,'Spells:ResistMod','0.40000000',''),(11,'Spells:PartialHitChance','0.69999998',''),(11,'Spells:PartialHitChanceFear','0.25000000',''),(11,'Spells:AvgSpellProcsPerMinute','6.00000000',''),(11,'Combat:FleeMultiplier','3.25',''),(11,'Combat:AvgProcsPerMinute','2.00000000',''),(11,'Combat:ProcPerMinDexContrib','0.07500000',''),(11,'Combat:BaseProcChance','0.03500000',''),(11,'Combat:ProcDexDivideBy','11000.0000',''),(11,'Combat:BaseHitChance','69.0000000',''),(11,'Combat:NPCBonusHitChance','26.0000000',''),(11,'Combat:HitFalloffMinor','5.00000000',''),(11,'Combat:HitFalloffModerate','7.00000000',''),(11,'Combat:HitFalloffMajor','50.0000000',''),(11,'Combat:HitBonusPerLevel','1.20000004',''),(11,'Combat:WeaponSkillFalloff','0.33000001',''),(11,'Combat:ArcheryHitPenalty','0.44999998',''),(11,'Combat:AgiHitFactor','0.00999999',''),(11,'Combat:ArcheryBaseDamageBonus','1.00000000',''),(11,'Combat:ArcheryNPCMultiplier','1.00000000',''),(11,'Combat:NPCACFactor','2.25000000',''),(11,'Combat:AAMitigationACFactor','3.00000000',''),(11,'Combat:WarriorACSoftcapReturn','0.44999998',''),(11,'Combat:KnightACSoftcapReturn','0.33000001',''),(11,'Combat:LowPlateChainACSoftcapReturn','0.23000000',''),(11,'Combat:LowChainLeatherACSoftcapReturn','0.17000000',''),(11,'Combat:CasterACSoftcapReturn','0.05999999',''),(11,'Combat:MiscACSoftcapReturn','0.30000001',''),(11,'Combat:WarACSoftcapReturn','0.34479999',''),(11,'Combat:ClrRngMnkBrdACSoftcapReturn','0.30300000',''),(11,'Combat:PalShdACSoftcapReturn','0.32260000',''),(11,'Combat:DruNecWizEncMagACSoftcapReturn','0.20000000',''),(11,'Combat:RogShmBstBerACSoftcapReturn','0.25000000',''),(11,'Combat:SoftcapFactor','1.87999999',''),(11,'Combat:ACthac0Factor','0.55000001',''),(11,'Combat:ACthac20Factor','0.55000001',''),(11,'Combat:AvgDefProcsPerMinute','2.00000000',''),(11,'Combat:DefProcPerMinAgiContrib','0.07500000',''),(11,'Combat:TauntSkillFalloff','0.33000001',''),(11,'Aggro:TunnelVisionAggroMod','0.75000000',''),(11,'Merchant:SellCostMod','1.04999995',''),(11,'Merchant:BuyCostMod','0.94999998',''),(11,'Merchant:ChaBonusMod','3.45000004',''),(11,'Merchant:ChaPenaltyMod','1.51999998',''),(11,'Character:PerCharacterQglobalMaxLevel','false',''),(11,'Character:UseDeathExpLossMult','false',''),(11,'Character:LeaveCorpses','true',''),(11,'Character:LeaveNakedCorpses','true',''),(11,'Character:UseXPConScaling','true',''),(11,'Character:HealOnLevel','false',''),(11,'Character:FeignKillsPet','false',''),(11,'Character:SharedBankPlat','true',''),(11,'Character:BindAnywhere','false',''),(11,'Character:SoDClientUseSoDHPManaEnd','true',''),(11,'Character:UseRaceClassExpBonuses','true',''),(11,'Character:UseNewStatsWindow','true',''),(11,'Character:ItemCastsUseFocus','false',''),(11,'Character:CheckCursorEmptyWhenLooting','true',''),(11,'Character:MaintainIntoxicationAcrossZones','true',''),(11,'Character:EnableDiscoveredItems','false',''),(11,'Character:KeepLevelOverMax','false',''),(11,'Guild:PlayerCreationAllowed','false',''),(11,'Skills:UseLimitTradeskillSearchSkillDiff','true',''),(11,'Pets:UnTargetableSwarmPet','false',''),(11,'Pets:SwarmPetNotTargetableWithHotKey','false',''),(11,'World:UseBannedIPsTable','true',''),(11,'World:EnableTutorialButton','false',''),(11,'World:EnableReturnHomeButton','true',''),(11,'World:MaxClientsSetByStatus','false',''),(11,'World:ClearTempMerchantlist','false',''),(11,'World:DeleteStaleCorpeBackups','true',''),(11,'World:GMAccountIPList','false',''),(11,'World:IsGMPetitionWindowEnabled','false',''),(11,'World:IPLimitDisconnectAll','false',''),(11,'World:AnnounceJoinQuits','false',''),(11,'Zone:EnableShadowrest','true',''),(11,'Zone:UsePlayerCorpseBackups','true',''),(11,'Zone:EnableMQWarpDetector','false',''),(11,'Zone:EnableMQZoneDetector','true',''),(11,'Zone:EnableMQGateDetector','true',''),(11,'Zone:EnableMQGhostDetector','true',''),(11,'Zone:MarkMQWarpLT','false',''),(11,'Zone:UsePEQZoneDebuffs','false',''),(11,'Zone:LevelBasedEXPMods','true',''),(11,'Map:FixPathingZWhenLoading','true',''),(11,'Map:FixPathingZAtWaypoints','true',''),(11,'Map:FixPathingZWhenMoving','true',''),(11,'Map:FixPathingZOnSendTo','false',''),(11,'Map:UseClosestZ','true',''),(11,'Pathing:Aggro','true',''),(11,'Pathing:AggroReturnToGrid','true',''),(11,'Pathing:Guard','true',''),(11,'Pathing:Find','true',''),(11,'Pathing:Fear','true',''),(11,'Watermap:CheckWaypointsInWaterWhenLoading','true',''),(11,'Watermap:CheckForWaterAtWaypoints','true',''),(11,'Watermap:CheckForWaterWhenMoving','true',''),(11,'Watermap:CheckForWaterOnSendTo','false',''),(11,'Watermap:CheckForWaterWhenFishing','true',''),(11,'Spells:EnableSpellGlobals','false',''),(11,'Spells:EnableBlockedBuffs','true',''),(11,'Spells:LiveLikeFocusEffects','true',''),(11,'Spells:NPCIgnoreBaseImmunity','true',''),(11,'Spells:CharismaCharmDuration','false',''),(11,'Spells:AdditiveBonusValues','false',''),(11,'Spells:UseCHAScribeHack','false',''),(11,'Spells:BuffLevelRestrictions','true',''),(11,'Spells:UseLiveSpellProjectileGFX','false',''),(11,'Spells:FocusCombatProcs','false',''),(11,'Combat:UseIntervalAC','true',''),(11,'Combat:EnableFearPathing','true',''),(11,'Combat:FleeIfNotAlone','false',''),(11,'Combat:AdjustProcPerMinute','true',''),(11,'Combat:ArcheryBonusRequiresStationary','true',''),(11,'Combat:AssistNoTargetSelf','false',''),(11,'Combat:RampageHitsTarget','false',''),(11,'Combat:ProcTargetOnly','true',''),(11,'Combat:OldACSoftcapRules','false',''),(11,'Combat:UseOldDamageIntervalRules','false',''),(11,'Combat:TauntOverLevel','true',''),(11,'Combat:EXPFromDmgShield','false',''),(11,'Combat:UseArcheryBonusRoll','false',''),(11,'Combat:OneProcPerWeapon','true',''),(11,'NPC:UseItemBonusesForNonPets','true',''),(11,'NPC:BuffFriends','false',''),(11,'NPC:EnableNPCQuestJournal','true',''),(11,'NPC:SmartLastFightingDelayMoving','true',''),(11,'NPC:ReturnNonQuestNoDropItems','true',''),(11,'NPC:LiveLikeEnrage','false',''),(11,'Chat:ServerWideOOC','true',''),(11,'Chat:ServerWideAuction','true',''),(11,'Chat:EnableVoiceMacros','true',''),(11,'Chat:EnableMailKeyIPVerification','true',''),(11,'Chat:EnableAntiSpam','false',''),(11,'Chat:SuppressCommandErrors','false',''),(11,'Merchant:UsePriceMod','true',''),(11,'Mail:EnableMailSystem','true',''),(11,'EventLog:RecordSellToMerchant','false',''),(11,'EventLog:RecordBuyFromMerchant','false',''),(11,'QueryServ:PlayerChatLogging','true',''),(11,'QueryServ:PlayerLogTrades','true',''),(11,'QueryServ:PlayerLogHandins','true',''),(11,'QueryServ:PlayerLogNPCKills','true',''),(11,'QueryServ:PlayerLogDeletes','true',''),(11,'QueryServ:PlayerLogMoves','true',''),(11,'QueryServ:PlayerLogMerchantTransactions','true',''),(11,'QueryServ:PlayerLogPCCoordinates','true',''),(11,'Inventory:EnforceAugmentRestriction','false',''),(11,'Inventory:EnforceAugmentUsability','false',''),(11,'Inventory:EnforceAugmentWear','false',''),(1,'AlKabor:Count6thGroupMember','true',''),(1,'Character:EmptyCorpseDecayTimeMS','10800000',''),(1,'AlKabor:AllowPetPull','true','If set to true, AK style Pet pull (green pet pull without aggro).'),(1,'World:BootTime','9',''),(1,'Character:CanCreate','true','Toggles ability for players to create toons.'),(2,'Character:CanCreate','true','Toggles ability for players to create toons.'),(11,'Character:CanCreate','true','Toggles ability for players to create toons.'),(1,'Skills:HighStatSkillUpModifier','0.75',''),(1,'Skills:SkillUpModifier','0.75',''),(1,'QueryServ:PlayerLogAAPurchases','true',''),(2,'QueryServ:PlayerLogAAPurchases','true',''),(11,'QueryServ:PlayerLogAAPurchases','true',''),(1,'QueryServ:PlayerLogDeaths','true',''),(2,'QueryServ:PlayerLogDeaths','true',''),(11,'QueryServ:PlayerLogDeaths','true',''),(1,'QueryServ:PlayerLogTradeSkillEvents','true',''),(2,'QueryServ:PlayerLogTradeSkillEvents','true',''),(11,'QueryServ:PlayerLogTradeSkillEvents','true',''),(1,'QueryServ:PlayerLogQGlobalUpdate','true',''),(2,'QueryServ:PlayerLogQGlobalUpdate','true',''),(11,'QueryServ:PlayerLogQGlobalUpdate','true',''),(1,'QueryServ:PlayerLogLoot','true',''),(2,'QueryServ:PlayerLogLoot','true',''),(11,'QueryServ:PlayerLogLoot','true',''),(1,'World:StreamDataRate','50','set datarate'),(1,'QueryServ:PlayerLogItemDesyncs','true',''),(1,'Doors:NormalRaceRange','125',''),(2,'Doors:NormalRaceRange','125',''),(11,'Doors:NormalRaceRange','125','');
/*!40101 SET @saved_cs_client     = @@character_set_client */;
/*!40101 SET character_set_client = utf8 */;
CREATE TABLE `variables` (
  `varname` varchar(25) NOT NULL DEFAULT '',
  `value` text NOT NULL,
  `information` text NOT NULL,
  `ts` timestamp NOT NULL DEFAULT CURRENT_TIMESTAMP ON UPDATE CURRENT_TIMESTAMP,
  PRIMARY KEY (`varname`)
) ENGINE=MyISAM DEFAULT CHARSET=latin1;
/*!40101 SET character_set_client = @saved_cs_client */;
INSERT INTO `variables` VALUES ('AAXPMod','0.75','AA Experience multipler. Increase to increase exp rate','2015-02-02 20:59:49'),('ACfail','15','the percentage of time AC fails to protect. 0 would mean there was always some level of protection, 100 would mean AC has no affect. When AC fails, it will be possible to get a max dmg hit.','2015-02-02 20:59:49'),('ACrandom','20','','2015-02-02 20:59:49'),('ACreduction','3','','2015-02-02 20:59:49'),('ailevel','6','','2015-02-02 20:59:49'),('curInstFlagNum','2002','Determines what instance flag will be handed out next','2015-02-02 20:59:49'),('DBVersion','070_pop','DB version info','2015-02-02 20:59:49'),('decaytime 1 54','450','Corpse decay time for Level\'s 1 to 54','2015-02-02 20:59:49'),('decaytime 55 100','1800','Corpse decay time for Level\'s 55 to 100','2015-02-02 20:59:49'),('dfltInstZflag','1000','Used to determine if a zone is instanced, must be 1000 or greater','2015-02-02 20:59:49'),('disablecommandline','0','Allow command lines to be run from world.exe | 0 - off | 1 - on |','2015-02-02 20:59:49'),('Expansions','15','Accessible expansions for each player','2015-02-02 20:59:49'),('EXPMod','0.75','Experience multipler. Increase to increase exp rate','2015-02-02 20:59:49'),('git-BRANCH','prerelease','git rev-parse --abbrev-ref HEAD','2023-07-24 01:49:37'),('git-HEAD-hash','rev-parse','git rev-parse HEAD','2015-10-22 11:52:50'),('GroupEXPBonus','0.60','Experience multipler. Increase to increase group exp rate','2015-02-02 20:59:49'),('GuildWars','0','Enable Guild Wars Type Server | 0 - off | 1 - on |','2015-02-02 20:59:49'),('holdzones','0','Restart Crashed Zone Servers | 0 - off | 1 - on |','2015-02-02 20:59:49'),('leavecorpses','0','Players leave corpses | 0 - off | 1 - on |','2015-02-02 20:59:49'),('loglevel','0000','Commands,Merchants,Trades,Loot','2015-02-02 20:59:49'),('Max_AAXP','21626880','Max AA Experience','2015-02-02 20:59:49'),('MerchantsKeepItems','1','Merchants keep items sold to them | 0 - off | 1 - on |','2015-02-02 20:59:49'),('MOTD','Welcome to EQMacEmu, the development server for The Al\'Kabor Project.','','2018-05-29 11:31:45'),('hotfix_name','','','2017-10-08 13:29:54');
